,year,herd_immune_schools,total_schools,percent
0,2015,668,1099,0.607825295723385
1,2016,636,1105,0.5755656108597285
2,2017,635,1090,0.5825688073394495
3,2018,571,1073,0.53215284249767
4,2019,575,1078,0.5333951762523191
5,2020,477,1069,0.4462114125350795
6,2021,372,1121,0.33184656556645853
7,2022,362,1113,0.3252470799640611
8,2023,345,1105,0.31221719457013575
