,year,total_kids,measles_vax_kids,polio_vax_kids,dtap_vax_kids,hep_vax_kids,var_vax_kids,percent_vax_mmr,percent_vax_polio,percent_vax_dtap,percent_vax_hep,percent_vax_var
0,2015,85512.0,83633.0,83579.0,77857.0,83687.0,74387.0,0.9780264758162597,0.9773949854991112,0.9104804004116381,0.9786579661334082,0.8699013004022828
1,2016,85426.0,83276.0,83286.0,78672.0,83455.0,83901.0,0.9748320183550675,0.9749490787348114,0.920937419520989,0.9769273991524828,0.9821482920890595
2,2017,84039.0,81921.0,81870.0,77227.0,82101.0,82375.0,0.9747974154856673,0.9741905543854639,0.9189423957924298,0.9769392781922679,0.9801996692012042
3,2018,85649.0,83022.0,82959.0,78340.0,83203.0,83519.0,0.9693283050590199,0.9685927448072948,0.9146633352403414,0.9714415813377856,0.9751310581559621
4,2019,87925.0,85274.0,85058.0,80830.0,85340.0,85842.0,0.9698493033835656,0.9673926642024453,0.9193062268979244,0.9705999431333523,0.9763093545635485
5,2020,79498.0,76830.0,76485.0,68140.0,76918.0,77404.0,0.9664394072806863,0.9620996754635337,0.8571284812196533,0.9675463533673803,0.9736597147098041
6,2021,82941.0,79702.0,79356.0,70186.0,79858.0,80379.0,0.960948143861299,0.9567765037797953,0.8462159848567053,0.9628289989269481,0.9691105725756863
7,2022,81754.0,78478.0,78265.0,71081.0,78729.0,79201.0,0.959928566186364,0.9573231890794334,0.8694498128531938,0.9629987523546248,0.9687721701690437
8,2023,80688.0,77205.0,76884.0,65462.0,77426.0,78047.0,0.9568337299226651,0.9528554431885782,0.811297838588142,0.9595726749950426,0.9672689867142574
